Date,Previous Day Overall AQI Value,Previous Day Level of Health Concern,Overall AQI Value,Level of Health Concern,Main Pollutant,CO AQI Score,SO2 AQI Score,NO2 AQI Score,Ozone AQI Score,PM10 AQI Score,PM2.5 AQI Score,Avg. Temp,Avg. Dew Point,Avg. Humidity,Avg. Wind Speed,Avg. Visibility,Avg. Sea Level Pressure ,Precipitation ,Events ,Wind Direction
2015-1-1,89,MODERATE,156,UNHEALTHY,PM2.5,28,3,38,36,40,156,48,29,53,1,10,30.12,0,,90
2015-1-2,156,UNHEALTHY,105,UNHEALTHY FOR SENSITIVE GROUPS,PM2.5,20,1,42,35,38,105,50,36,58,1,10,30.13,0,,285
2015-1-3,105,UNHEALTHY FOR SENSITIVE GROUPS,106,UNHEALTHY FOR SENSITIVE GROUPS,PM2.5,23,4,42,39,35,106,52,40,65,1,9,30.23,0,,14
2015-1-4,106,UNHEALTHY FOR SENSITIVE GROUPS,107,UNHEALTHY FOR SENSITIVE GROUPS,PM2.5,25,3,45,40,41,107,56,40,58,1,9,30.29,0,,333
2015-1-5,107,UNHEALTHY FOR SENSITIVE GROUPS,73,MODERATE,PM2.5,25,4,56,37,34,73,66,29,30,1,10,30.19,0,,13
2015-1-6,73,MODERATE,63,MODERATE,PM10,25,6,52,36,63,55,71,28,21,3,10,30.14,0,,19
2015-1-7,63,MODERATE,66,MODERATE,PM2.5,26,4,60,33,37,66,69,36,37,1,10,30.08,0,,326
2015-1-8,66,MODERATE,77,MODERATE,PM2.5,28,6,56,29,33,77,63,46,53,1,10,30.03,0,,180
2015-1-9,77,MODERATE,105,UNHEALTHY FOR SENSITIVE GROUPS,PM2.5,20,4,62,28,39,105,64,51,61,1,6,30,0,,115
2015-1-10,105,UNHEALTHY FOR SENSITIVE GROUPS,123,UNHEALTHY FOR SENSITIVE GROUPS,PM2.5,19,3,42,20,33,123,58,52,77,1,4,30,0.48,Rain,74
2015-1-11,123,UNHEALTHY FOR SENSITIVE GROUPS,76,MODERATE,PM2.5,13,3,29,35,22,76,60,55,86,1,4,30.02,0.5,Rain,81
2015-1-12,76,MODERATE,103,UNHEALTHY FOR SENSITIVE GROUPS,PM2.5,15,3,35,31,51,103,60,53,78,1,4,30.13,0,,116
2015-1-13,103,UNHEALTHY FOR SENSITIVE GROUPS,114,UNHEALTHY FOR SENSITIVE GROUPS,PM2.5,16,3,41,38,33,114,61,52,71,1,5,30.09,0,,305
2015-1-14,114,UNHEALTHY FOR SENSITIVE GROUPS,70,MODERATE,PM2.5,24,4,49,36,24,70,60,41,52,1,10,30.15,0,,325
2015-1-15,70,MODERATE,46,GOOD,PM2.5,18,3,44,35,18,46,64,33,36,2,10,30.2,0,,27
2015-1-16,46,GOOD,54,MODERATE,PM2.5,17,7,46,31,27,54,64,35,47,1,10,30.13,0,,60
2015-1-17,54,MODERATE,80,MODERATE,PM2.5,30,10,63,39,30,80,64,38,44,1,10,30.15,0,,316
2015-1-18,80,MODERATE,105,UNHEALTHY FOR SENSITIVE GROUPS,PM2.5,23,10,53,35,38,105,64,45,58,1,9,30.18,0,,270
2015-1-19,105,UNHEALTHY FOR SENSITIVE GROUPS,110,UNHEALTHY FOR SENSITIVE GROUPS,PM2.5,38,7,69,39,46,110,61,50,64,0,5,30.08,0,,280
2015-1-20,110,UNHEALTHY FOR SENSITIVE GROUPS,153,UNHEALTHY,PM2.5,20,4,56,43,55,153,58,52,86,0,2,29.99,0,Fog,280
2015-1-21,153,UNHEALTHY,159,UNHEALTHY,PM2.5,14,4,53,41,60,159,63,50,64,1,4,30,0,,45
2015-1-22,159,UNHEALTHY,83,MODERATE,PM2.5,23,6,52,38,28,83,61,33,48,0,10,30.18,0,,190
2015-1-23,83,MODERATE,53,MODERATE,PM2.5,19,9,48,39,23,53,63,25,29,1,10,30.18,0,,334
2015-1-24,53,MODERATE,88,MODERATE,PM2.5,32,10,54,42,43,88,66,31,31,0,10,30.04,0,,260
2015-1-25,88,MODERATE,86,MODERATE,NO2,30,20,86,41,11,47,66,33,38,1,10,30,0,,310
2015-1-26,86,MODERATE,50,GOOD,PM2.5,18,3,45,31,14,50,69,40,47,3,10,30.02,0.08,Rain,89
2015-1-27,50,GOOD,54,MODERATE,PM2.5,13,7,36,33,15,54,66,52,64,1,10,30.15,0,,24
2015-1-28,54,MODERATE,56,MODERATE,PM2.5,18,3,42,38,23,56,66,48,55,1,10,30.1,0,,349
2015-1-29,56,MODERATE,64,MODERATE,PM2.5,17,3,45,32,20,64,68,45,45,1,10,30.02,T,Rain,95
2015-1-30,64,MODERATE,78,MODERATE,PM2.5,15,3,36,29,22,78,65,52,66,1,9,29.89,0.03,Rain,77
2015-1-31,78,MODERATE,69,MODERATE,PM2.5,17,9,33,40,19,69,64,54,70,1,8,29.88,0,,82
2015-2-1,69,MODERATE,73,MODERATE,PM2.5,19,6,41,38,26,73,63,48,60,1,8,30.06,0,,180
2015-2-2,73,MODERATE,87,MODERATE,PM2.5,27,10,61,40,33,87,65,46,55,1,9,30.05,0,,280
2015-2-3,87,MODERATE,120,UNHEALTHY FOR SENSITIVE GROUPS,PM2.5,22,1,72,41,36,120,62,53,76,1,3,30.06,0,Fog,270
2015-2-4,120,UNHEALTHY FOR SENSITIVE GROUPS,156,UNHEALTHY,PM2.5,22,0,69,48,55,156,64,53,71,1,2,30.09,0,,325
2015-2-5,156,UNHEALTHY,149,UNHEALTHY FOR SENSITIVE GROUPS,PM2.5,18,7,72,49,61,149,68,52,63,1,3,30.05,0,Fog,280
2015-2-6,149,UNHEALTHY FOR SENSITIVE GROUPS,141,UNHEALTHY FOR SENSITIVE GROUPS,PM2.5,16,4,57,58,47,141,65,52,62,2,3,30.09,0,,100
2015-2-7,141,UNHEALTHY FOR SENSITIVE GROUPS,105,UNHEALTHY FOR SENSITIVE GROUPS,PM2.5,17,11,45,31,36,105,62,54,71,1,7,30.14,0.02,Rain,7
2015-2-8,105,UNHEALTHY FOR SENSITIVE GROUPS,72,MODERATE,PM2.5,18,1,38,33,21,72,68,58,70,1,7,30.13,0,Fog,282
2015-2-9,72,MODERATE,50,GOOD,PM2.5,13,6,36,40,19,50,66,56,69,2,5,30.11,0,Fog,192
2015-2-10,50,GOOD,62,MODERATE,PM2.5,19,4,51,42,36,62,66,46,54,0,10,29.95,0,,325
2015-2-11,62,MODERATE,55,MODERATE,PM2.5,23,6,55,44,38,55,70,31,31,1,10,30.01,0,,7
2015-2-12,55,MODERATE,52,MODERATE,NO2,18,3,52,46,19,43,71,27,22,1,10,30.06,0,,325
2015-2-13,52,MODERATE,56,MODERATE,PM2.5,15,1,54,48,19,56,73,33,29,2,10,30.02,0,,15
2015-2-14,56,MODERATE,58,MODERATE,Ozone,19,6,51,58,20,55,71,35,32,1,10,30.02,0,,83
2015-2-15,58,MODERATE,93,MODERATE,Ozone,18,4,46,93,21,65,67,46,54,1,9,29.96,0,,190
2015-2-16,93,MODERATE,101,UNHEALTHY FOR SENSITIVE GROUPS,PM2.5,15,4,43,90,35,101,63,54,76,1,5,29.99,0,,100
2015-2-17,101,UNHEALTHY FOR SENSITIVE GROUPS,110,UNHEALTHY FOR SENSITIVE GROUPS,PM2.5,8,3,41,64,48,110,64,52,70,1,6,30.08,0,,242
2015-2-18,110,UNHEALTHY FOR SENSITIVE GROUPS,127,UNHEALTHY FOR SENSITIVE GROUPS,PM2.5,13,7,47,50,54,127,65,54,70,1,4,30.11,0,,285
2015-2-19,127,UNHEALTHY FOR SENSITIVE GROUPS,152,UNHEALTHY,PM2.5,11,4,42,71,56,152,65,54,73,1,3,30.07,0,,290
2015-2-20,152,UNHEALTHY,130,UNHEALTHY FOR SENSITIVE GROUPS,PM2.5,11,0,41,49,52,130,63,52,70,1,5,29.99,0,,182
2015-2-21,130,UNHEALTHY FOR SENSITIVE GROUPS,80,MODERATE,PM2.5,13,0,36,47,27,80,63,50,64,2,9,29.93,0,,119
2015-2-22,80,MODERATE,60,MODERATE,PM2.5,10,1,27,42,12,60,59,51,75,2,7,29.85,0.7,Fog-Rain,72
2015-2-23,60,MODERATE,50,GOOD,PM2.5,10,0,42,41,18,50,58,46,71,2,10,30,T,,92
2015-2-24,50,GOOD,43,GOOD,Ozone,14,1,40,43,19,42,60,35,48,3,10,30.18,0,,328
2015-2-25,43,GOOD,60,MODERATE,PM2.5,14,4,43,44,23,60,62,42,48,1,10,30.11,0,,20
2015-2-26,60,MODERATE,71,MODERATE,PM2.5,16,3,43,45,27,71,61,49,66,1,9,29.9,0,,285
2015-2-27,71,MODERATE,66,MODERATE,PM2.5,11,1,36,44,30,66,61,52,67,2,9,29.81,0,,112
2015-2-28,66,MODERATE,42,GOOD,Ozone,11,1,25,42,9,40,59,47,64,1,9,29.83,0.11,Rain,295
2015-3-1,42,GOOD,48,GOOD,PM2.5,10,0,19,39,6,48,58,47,73,3,7,29.93,0.66,Rain,66
2015-3-2,48,GOOD,56,MODERATE,PM2.5,10,1,33,42,6,56,56,46,71,2,9,29.93,0.21,Rain,71
2015-3-3,56,MODERATE,54,MODERATE,PM2.5,11,6,35,42,8,54,58,44,59,2,10,29.93,0,,10
2015-3-4,54,MODERATE,50,GOOD,PM2.5,14,4,44,47,17,50,60,41,52,2,10,30.06,0,,293
2015-3-5,50,GOOD,54,MODERATE,NO2,14,6,54,48,17,45,64,29,36,2,10,30.19,0,,321
2015-3-6,54,MODERATE,54,MODERATE,NO2,15,3,54,46,20,51,66,30,30,1,10,30.06,0,,55
2015-3-7,54,MODERATE,60,MODERATE,PM2.5,23,6,51,54,33,60,70,33,35,1,10,29.97,0,,302
2015-3-8,60,MODERATE,71,MODERATE,Ozone,17,3,42,71,22,63,66,47,59,1,10,29.98,0,,110
2015-3-9,71,MODERATE,91,MODERATE,PM2.5,14,1,43,74,45,91,65,54,71,1,5,29.95,0,,280
2015-3-10,91,MODERATE,115,UNHEALTHY FOR SENSITIVE GROUPS,Ozone,17,3,65,115,45,114,68,54,63,2,4,29.95,0,,352
2015-3-11,115,UNHEALTHY FOR SENSITIVE GROUPS,93,MODERATE,PM2.5,20,3,65,46,49,93,67,53,61,1,6,30.05,T,,320
2015-3-12,93,MODERATE,60,MODERATE,NO2,18,3,60,49,25,58,71,45,45,1,10,30.01,0,,205
2015-3-13,60,MODERATE,61,MODERATE,NO2,27,4,61,50,44,55,76,42,35,1,10,30.01,0,,285
2015-3-14,61,MODERATE,84,MODERATE,Ozone,16,4,50,84,16,45,78,38,31,1,10,30.01,0,,105
2015-3-15,84,MODERATE,93,MODERATE,Ozone,16,6,51,93,14,48,79,40,29,1,10,29.98,0,,285
2015-3-16,93,MODERATE,100,MODERATE,Ozone,19,13,60,100,23,55,78,42,33,1,10,29.9,0,,110
2015-3-17,100,MODERATE,87,MODERATE,Ozone,17,4,51,87,29,61,73,50,48,1,10,29.92,0,,126
2015-3-18,87,MODERATE,74,MODERATE,PM2.5,14,1,27,48,31,74,69,57,67,3,10,29.96,T,Rain,116
2015-3-19,74,MODERATE,125,UNHEALTHY FOR SENSITIVE GROUPS,PM2.5,16,3,39,64,34,125,68,56,70,2,8,29.99,0,,154
2015-3-20,125,UNHEALTHY FOR SENSITIVE GROUPS,114,UNHEALTHY FOR SENSITIVE GROUPS,PM2.5,16,3,38,80,43,114,69,57,69,2,5,30.05,0,,277
2015-3-21,114,UNHEALTHY FOR SENSITIVE GROUPS,100,MODERATE,Ozone,9,1,32,100,44,91,69,57,72,2,6,30.1,0,,270
2015-3-22,100,MODERATE,74,MODERATE,PM2.5,8,3,22,64,33,74,66,54,69,1,10,30.15,0,,270
2015-3-23,74,MODERATE,58,MODERATE,PM2.5,8,1,30,46,24,58,65,53,69,2,10,30.13,0,,128
2015-3-24,58,MODERATE,52,MODERATE,PM2.5,9,1,39,48,27,52,67,49,54,3,10,30.04,0,,99
2015-3-25,52,MODERATE,61,MODERATE,Ozone,11,4,49,61,34,60,72,52,59,1,10,30.02,0,,247
2015-3-26,61,MODERATE,62,MODERATE,NO2,16,6,62,58,31,48,77,41,38,1,10,30.03,0,,280
2015-3-27,62,MODERATE,90,MODERATE,Ozone,13,4,51,90,30,55,77,46,49,2,10,30.03,0,,330
2015-3-28,90,MODERATE,77,MODERATE,Ozone,14,4,46,77,26,58,71,57,66,1,7,30.04,0,,113
2015-3-29,77,MODERATE,80,MODERATE,Ozone,11,4,37,80,29,62,67,57,75,2,5,30.02,0,Fog,214
2015-3-30,80,MODERATE,112,UNHEALTHY FOR SENSITIVE GROUPS,Ozone,11,6,36,112,40,82,68,56,72,1,5,30,0,,290
2015-3-31,112,UNHEALTHY FOR SENSITIVE GROUPS,97,MODERATE,Ozone,11,3,38,97,49,77,65,55,75,1,5,29.98,0,,275
2015-4-1,97,MODERATE,77,MODERATE,Ozone,9,3,32,77,41,73,66,52,61,2,9,29.96,0,,121
2015-4-2,77,MODERATE,80,MODERATE,Ozone,10,3,49,80,38,63,65,47,58,2,10,29.98,0,,270
2015-4-3,80,MODERATE,80,MODERATE,PM2.5,15,1,64,80,57,80,72,31,44,2,10,30,0,,345
2015-4-4,80,MODERATE,134,UNHEALTHY FOR SENSITIVE GROUPS,PM2.5,18,9,56,112,28,134,72,34,40,2,10,29.9,0,,20
2015-4-5,134,UNHEALTHY FOR SENSITIVE GROUPS,87,MODERATE,Ozone,10,1,30,87,27,62,64,50,60,2,10,29.87,0,,104
2015-4-6,87,MODERATE,58,MODERATE,Ozone,9,1,38,58,24,43,60,43,59,2,10,29.94,0,,230
2015-4-7,58,MODERATE,48,GOOD,Ozone,10,1,42,48,18,38,59,48,68,2,8,30.01,0.13,Rain,67
2015-4-8,48,GOOD,49,GOOD,Ozone,10,1,46,49,13,40,60,42,56,2,10,30.02,0,,305
2015-4-9,49,GOOD,74,MODERATE,Ozone,13,9,47,74,20,51,65,44,56,2,10,29.95,0,,261
2015-4-10,74,MODERATE,105,UNHEALTHY FOR SENSITIVE GROUPS,Ozone,11,6,39,105,25,62,63,50,67,2,9,29.98,0,,275
2015-4-11,105,UNHEALTHY FOR SENSITIVE GROUPS,112,UNHEALTHY FOR SENSITIVE GROUPS,Ozone,11,11,39,112,26,62,63,49,62,2,10,29.93,0,,280
2015-4-12,112,UNHEALTHY FOR SENSITIVE GROUPS,136,UNHEALTHY FOR SENSITIVE GROUPS,Ozone,13,4,26,136,30,57,67,54,68,2,10,29.94,0,,195
2015-4-13,136,UNHEALTHY FOR SENSITIVE GROUPS,112,UNHEALTHY FOR SENSITIVE GROUPS,Ozone,13,4,41,112,37,78,67,55,72,2,8,30.05,0,,277
2015-4-14,112,UNHEALTHY FOR SENSITIVE GROUPS,77,MODERATE,PM2.5,13,3,43,71,39,77,66,52,55,2,7,30.04,0,,299
2015-4-15,77,MODERATE,84,MODERATE,Ozone,11,1,61,84,56,63,69,45,48,1,10,29.93,0,,5
2015-4-16,84,MODERATE,84,MODERATE,Ozone,17,4,57,84,39,50,68,30,33,2,10,29.97,0,,280
2015-4-17,84,MODERATE,100,MODERATE,Ozone,15,1,74,100,40,54,69,33,34,2,10,30,0,,297
2015-4-18,100,MODERATE,129,UNHEALTHY FOR SENSITIVE GROUPS,Ozone,14,3,42,129,44,60,69,45,49,2,10,29.97,0,,253
2015-4-19,129,UNHEALTHY FOR SENSITIVE GROUPS,150,UNHEALTHY FOR SENSITIVE GROUPS,Ozone,14,7,33,150,49,88,65,52,68,2,9,29.91,0,,273
2015-4-20,150,UNHEALTHY FOR SENSITIVE GROUPS,119,UNHEALTHY FOR SENSITIVE GROUPS,Ozone,13,3,36,119,38,70,63,51,69,2,8,29.89,0,,265
2015-4-21,119,UNHEALTHY FOR SENSITIVE GROUPS,61,MODERATE,PM2.5,13,0,31,61,31,61,63,48,64,2,10,29.91,0,,-1
2015-4-22,61,MODERATE,61,MODERATE,Ozone,13,1,29,61,35,56,63,51,67,2,10,29.89,0,,238
2015-4-23,61,MODERATE,56,MODERATE,PM2.5,13,1,45,51,25,56,62,51,68,2,10,29.9,0,,277
2015-4-24,56,MODERATE,51,MODERATE,PM2.5,8,0,42,46,21,51,62,52,72,1,10,29.98,0,,280
2015-4-25,51,MODERATE,64,MODERATE,PM2.5,8,0,25,48,22,64,61,52,69,3,10,29.94,T,,272
2015-4-26,64,MODERATE,77,MODERATE,Ozone,8,1,28,77,21,68,66,48,54,4,10,29.93,0,,125
2015-4-27,77,MODERATE,108,UNHEALTHY FOR SENSITIVE GROUPS,Ozone,14,4,52,108,27,57,70,45,50,3,10,29.92,0,,280
2015-4-28,108,UNHEALTHY FOR SENSITIVE GROUPS,112,UNHEALTHY FOR SENSITIVE GROUPS,Ozone,15,9,66,112,25,55,77,41,35,2,10,29.91,0,,344
2015-4-29,112,UNHEALTHY FOR SENSITIVE GROUPS,119,UNHEALTHY FOR SENSITIVE GROUPS,Ozone,11,1,68,119,23,66,75,49,50,1,10,29.86,0,,290
2015-4-30,119,UNHEALTHY FOR SENSITIVE GROUPS,125,UNHEALTHY FOR SENSITIVE GROUPS,PM2.5,11,1,70,90,61,125,73,53,52,2,9,29.82,0,,282
2015-5-1,125,UNHEALTHY FOR SENSITIVE GROUPS,77,MODERATE,Ozone,11,1,53,77,35,74,71,52,60,2,8,29.87,0,,280
2015-5-2,77,MODERATE,74,MODERATE,PM2.5,11,3,49,58,31,74,70,51,59,2,9,29.84,0,,275
2015-5-3,74,MODERATE,77,MODERATE,Ozone,8,0,21,77,35,68,66,52,67,2,9,29.89,0,,225
2015-5-4,77,MODERATE,59,MODERATE,PM2.5,8,0,40,51,28,59,63,51,71,2,10,29.95,0,,267
2015-5-5,59,MODERATE,69,MODERATE,PM2.5,6,0,39,49,26,69,63,49,65,3,10,29.97,0,,114
2015-5-6,69,MODERATE,54,MODERATE,PM2.5,8,0,37,49,26,54,63,49,66,1,10,29.88,0,,275
2015-5-7,54,MODERATE,55,MODERATE,PM2.5,8,0,39,51,23,55,60,49,68,2,10,29.86,0.03,Rain,268
2015-5-8,55,MODERATE,50,GOOD,PM2.5,6,1,33,48,15,50,57,48,69,3,9,29.92,0.18,Rain,133
2015-5-9,50,GOOD,64,MODERATE,PM2.5,10,7,27,51,30,64,62,51,69,1,9,30.05,0,,277
2015-5-10,64,MODERATE,97,MODERATE,Ozone,11,0,31,97,32,66,63,52,70,1,10,29.97,0,,290
2015-5-11,97,MODERATE,87,MODERATE,Ozone,10,0,42,87,32,66,67,54,68,2,9,29.87,0,,260
2015-5-12,87,MODERATE,108,UNHEALTHY FOR SENSITIVE GROUPS,Ozone,7,1,40,108,31,63,65,52,66,2,10,29.88,0,,165
2015-5-13,108,UNHEALTHY FOR SENSITIVE GROUPS,97,MODERATE,Ozone,10,0,37,97,31,63,64,49,61,4,10,29.93,0,,125
2015-5-14,97,MODERATE,49,GOOD,Ozone,9,0,41,49,15,41,61,51,71,2,7,29.89,0.69,Rain,133
2015-5-15,49,GOOD,58,MODERATE,Ozone,10,0,52,58,9,46,61,50,68,3,10,29.86,0.03,Rain,267
2015-5-16,58,MODERATE,77,MODERATE,Ozone,10,0,25,77,19,53,64,52,69,2,10,29.97,0,,87
2015-5-17,77,MODERATE,93,MODERATE,Ozone,10,0,22,93,22,58,65,53,67,1,10,30,0,,100
2015-5-18,93,MODERATE,79,MODERATE,PM2.5,10,0,35,64,29,79,66,52,67,1,10,30.02,T,,110
2015-5-19,79,MODERATE,77,MODERATE,Ozone,10,0,31,77,21,54,65,51,66,2,10,30.02,0,,100
2015-5-20,77,MODERATE,71,MODERATE,Ozone,10,0,33,71,23,63,65,51,67,1,10,29.95,0,,-1
2015-5-21,71,MODERATE,60,MODERATE,PM2.5,10,0,41,58,17,60,64,51,68,1,10,29.95,0,,-1
2015-5-22,60,MODERATE,53,MODERATE,PM2.5,13,0,36,44,14,53,63,51,69,2,10,30.01,0,,260
2015-5-23,53,MODERATE,54,MODERATE,PM2.5,13,0,25,54,15,54,64,52,67,1,10,30.05,0,,190
2015-5-24,54,MODERATE,71,MODERATE,Ozone,11,0,24,71,23,60,64,51,64,2,10,29.98,0,,205
2015-5-25,71,MODERATE,84,MODERATE,Ozone,13,0,23,84,29,68,64,54,72,1,10,29.97,0,,272
2015-5-26,84,MODERATE,93,MODERATE,Ozone,13,0,44,93,31,72,64,54,72,1,10,29.98,0,,272
2015-5-27,93,MODERATE,119,UNHEALTHY FOR SENSITIVE GROUPS,Ozone,5,0,101,119,31,68,65,54,67,2,9,29.98,0,,275
2015-5-28,119,UNHEALTHY FOR SENSITIVE GROUPS,143,UNHEALTHY FOR SENSITIVE GROUPS,Ozone,13,0,35,143,39,71,66,55,70,2,8,29.96,0,,263
2015-5-29,143,UNHEALTHY FOR SENSITIVE GROUPS,159,UNHEALTHY,Ozone,13,0,41,159,46,89,68,56,71,1,6,29.93,0,,280
2015-5-30,159,UNHEALTHY,172,UNHEALTHY,Ozone,13,0,26,172,51,99,68,57,75,1,5,29.92,0,,260
2015-5-31,172,UNHEALTHY,154,UNHEALTHY,Ozone,13,0,21,154,39,85,66,56,76,1,7,29.93,0,,270
2015-6-1,154,UNHEALTHY,100,MODERATE,Ozone,13,0,42,100,37,80,67,55,70,1,8,29.98,0,,205
2015-6-2,100,MODERATE,100,MODERATE,Ozone,13,0,31,100,25,63,68,57,69,2,10,29.97,0,,227
2015-6-3,100,MODERATE,67,MODERATE,Ozone,6,0,24,67,26,64,68,56,69,3,9,29.92,T,Rain,135
2015-6-4,67,MODERATE,64,MODERATE,PM2.5,7,0,36,58,27,64,66,55,71,1,10,29.86,T,,278
2015-6-5,64,MODERATE,105,UNHEALTHY FOR SENSITIVE GROUPS,Ozone,7,0,29,105,34,64,67,53,66,3,10,29.85,T,,105
2015-6-6,105,UNHEALTHY FOR SENSITIVE GROUPS,122,UNHEALTHY FOR SENSITIVE GROUPS,Ozone,8,0,29,122,24,63,65,55,73,2,10,29.9,0,,270
2015-6-7,122,UNHEALTHY FOR SENSITIVE GROUPS,140,UNHEALTHY FOR SENSITIVE GROUPS,Ozone,8,0,24,140,27,64,69,57,69,2,10,29.87,0,,297
2015-6-8,140,UNHEALTHY FOR SENSITIVE GROUPS,126,UNHEALTHY FOR SENSITIVE GROUPS,Ozone,9,0,48,126,36,70,73,59,67,2,7,29.84,0,,287
2015-6-9,126,UNHEALTHY FOR SENSITIVE GROUPS,61,MODERATE,PM2.5,9,1,49,58,36,61,74,59,64,3,10,29.81,0.01,Rain,314
2015-6-10,61,MODERATE,71,MODERATE,Ozone,8,0,31,71,28,67,68,61,78,2,9,29.89,0,,250
2015-6-11,71,MODERATE,105,UNHEALTHY FOR SENSITIVE GROUPS,Ozone,8,0,28,105,27,62,69,61,79,2,6,29.86,0,,285
2015-6-12,105,UNHEALTHY FOR SENSITIVE GROUPS,84,MODERATE,Ozone,8,0,28,84,33,81,68,60,81,1,8,29.83,0,,272
2015-6-13,84,MODERATE,126,UNHEALTHY FOR SENSITIVE GROUPS,Ozone,8,0,19,126,23,71,68,60,81,1,9,29.81,0,,140
2015-6-14,126,UNHEALTHY FOR SENSITIVE GROUPS,129,UNHEALTHY FOR SENSITIVE GROUPS,Ozone,8,0,19,129,28,71,70,60,75,2,8,29.79,0,,277
2015-6-15,129,UNHEALTHY FOR SENSITIVE GROUPS,154,UNHEALTHY,Ozone,8,0,38,154,38,77,70,60,75,2,7,29.83,0,,273
2015-6-16,154,UNHEALTHY,174,UNHEALTHY,Ozone,9,0,40,174,51,86,70,60,75,2,6,29.88,0,,277
2015-6-17,174,UNHEALTHY,192,UNHEALTHY,Ozone,9,9,47,192,51,111,70,60,77,2,6,29.89,0,,-1
2015-6-18,192,UNHEALTHY,174,UNHEALTHY,Ozone,10,0,49,174,44,96,72,59,71,1,7,29.91,0,,275
2015-6-19,174,UNHEALTHY,190,UNHEALTHY,Ozone,11,1,53,190,43,84,70,58,68,1,6,29.84,0,,265
2015-6-20,190,UNHEALTHY,203,VERY UNHEALTHY,Ozone,11,9,44,203,29,80,74,60,64,1,8,29.82,0,,145
2015-6-21,203,VERY UNHEALTHY,154,UNHEALTHY,Ozone,9,1,23,154,25,77,73,61,71,2,8,29.91,0,,263
2015-6-22,154,UNHEALTHY,187,UNHEALTHY,Ozone,10,3,37,187,25,76,73,57,68,1,10,29.92,0,,250
2015-6-23,187,UNHEALTHY,177,UNHEALTHY,Ozone,9,1,36,177,74,70,74,58,66,2,10,29.9,0,,0
2015-6-24,177,UNHEALTHY,195,UNHEALTHY,Ozone,9,1,39,195,47,72,73,58,66,1,10,29.87,0,,260
2015-6-25,195,UNHEALTHY,179,UNHEALTHY,Ozone,10,1,36,179,53,72,72,60,72,2,9,29.92,0,,268
2015-6-26,179,UNHEALTHY,140,UNHEALTHY FOR SENSITIVE GROUPS,Ozone,10,0,36,140,50,82,69,59,77,2,7,29.95,0,,270
2015-6-27,140,UNHEALTHY FOR SENSITIVE GROUPS,112,UNHEALTHY FOR SENSITIVE GROUPS,Ozone,10,1,28,112,37,69,70,59,75,1,10,29.95,T,,293
2015-6-28,112,UNHEALTHY FOR SENSITIVE GROUPS,166,UNHEALTHY,Ozone,10,3,25,166,31,70,77,60,63,1,10,29.88,T,,210
2015-6-29,166,UNHEALTHY,122,UNHEALTHY FOR SENSITIVE GROUPS,Ozone,10,3,37,122,70,70,80,60,57,1,10,29.87,0,,90
2015-6-30,122,UNHEALTHY FOR SENSITIVE GROUPS,161,UNHEALTHY,Ozone,11,6,47,161,40,71,78,60,54,1,10,29.86,T,Rain,270
2015-7-1,161,UNHEALTHY,101,UNHEALTHY FOR SENSITIVE GROUPS,Ozone,13,6,45,101,39,66,76,62,66,2,10,29.89,0,,285
2015-7-2,101,UNHEALTHY FOR SENSITIVE GROUPS,143,UNHEALTHY FOR SENSITIVE GROUPS,Ozone,13,1,34,143,32,66,74,62,64,2,10,29.94,0,,270
2015-7-3,143,UNHEALTHY FOR SENSITIVE GROUPS,97,MODERATE,Ozone,11,3,24,97,29,71,72,61,71,1,9,29.9,0,,273
2015-7-4,97,MODERATE,111,UNHEALTHY FOR SENSITIVE GROUPS,PM2.5,10,3,19,101,47,111,71,59,72,1,9,29.88,0,,-1
2015-7-5,111,UNHEALTHY FOR SENSITIVE GROUPS,167,UNHEALTHY,PM2.5,10,1,15,84,73,167,70,59,72,2,9,29.96,0,,-1
2015-7-6,167,UNHEALTHY,87,MODERATE,Ozone,10,0,34,87,35,75,70,60,74,1,9,30,0,,-1
2015-7-7,87,MODERATE,108,UNHEALTHY FOR SENSITIVE GROUPS,Ozone,7,0,26,108,37,82,71,60,72,1,8,29.94,0,,280
2015-7-8,108,UNHEALTHY FOR SENSITIVE GROUPS,67,MODERATE,PM2.5,10,0,25,61,30,67,71,59,71,2,10,29.86,0,,200
2015-7-9,67,MODERATE,62,MODERATE,PM2.5,11,0,28,39,26,62,70,57,67,1,10,29.88,0,,270
2015-7-10,62,MODERATE,57,MODERATE,PM2.5,11,1,30,54,19,57,69,56,64,2,10,29.91,0,,180
2015-7-11,57,MODERATE,80,MODERATE,Ozone,7,0,23,80,27,58,71,59,71,1,10,29.95,0,,270
2015-7-12,80,MODERATE,74,MODERATE,Ozone,7,3,23,74,20,61,72,58,67,2,10,29.97,0,,250
2015-7-13,74,MODERATE,77,MODERATE,Ozone,7,3,30,77,25,65,74,59,64,2,10,29.92,0,,191
2015-7-14,77,MODERATE,66,MODERATE,PM2.5,7,1,33,54,30,66,74,60,67,2,10,29.87,0,,222
2015-7-15,66,MODERATE,105,UNHEALTHY FOR SENSITIVE GROUPS,Ozone,7,1,27,105,33,70,73,59,66,2,10,29.89,0,,164
2015-7-16,105,UNHEALTHY FOR SENSITIVE GROUPS,119,UNHEALTHY FOR SENSITIVE GROUPS,Ozone,8,3,27,119,39,72,73,60,70,2,10,29.91,0,,270
2015-7-17,119,UNHEALTHY FOR SENSITIVE GROUPS,119,UNHEALTHY FOR SENSITIVE GROUPS,Ozone,8,3,37,119,55,59,72,60,71,1,9,29.86,0,,295
2015-7-18,119,UNHEALTHY FOR SENSITIVE GROUPS,63,MODERATE,PM2.5,9,1,31,38,21,63,76,62,60,2,7,29.95,0.36,Rain,4
2015-7-19,63,MODERATE,58,MODERATE,PM2.5,9,1,24,49,17,58,82,67,63,2,10,29.98,0.02,Rain,88
2015-7-20,58,MODERATE,54,MODERATE,PM2.5,8,3,27,41,19,54,78,66,73,2,10,29.97,T,,283
2015-7-21,54,MODERATE,71,MODERATE,Ozone,9,3,26,71,21,52,75,66,74,2,10,29.91,0,,278
2015-7-22,71,MODERATE,79,MODERATE,PM10,8,0,29,46,79,48,75,65,74,2,10,29.87,0,,273
2015-7-23,79,MODERATE,58,MODERATE,PM2.5,9,3,25,58,21,58,75,64,73,1,10,29.95,0,,210
2015-7-24,58,MODERATE,90,MODERATE,Ozone,9,4,34,90,31,64,76,64,72,2,9,30.02,0,,270
2015-7-25,90,MODERATE,100,MODERATE,Ozone,10,3,26,100,25,60,77,63,66,2,10,29.96,0,,270
2015-7-26,100,MODERATE,90,MODERATE,Ozone,10,3,26,90,25,58,76,63,66,1,10,29.9,0,,220
2015-7-27,90,MODERATE,112,UNHEALTHY FOR SENSITIVE GROUPS,Ozone,8,1,25,112,35,60,75,61,66,2,10,29.9,0,,225
2015-7-28,112,UNHEALTHY FOR SENSITIVE GROUPS,177,UNHEALTHY,Ozone,9,4,31,177,44,69,76,63,68,1,9,29.87,0,,268
2015-7-29,177,UNHEALTHY,151,UNHEALTHY,Ozone,9,4,41,151,54,71,74,63,74,2,8,29.92,0,,282
2015-7-30,151,UNHEALTHY,112,UNHEALTHY FOR SENSITIVE GROUPS,Ozone,10,10,35,112,49,75,76,64,71,2,10,29.97,0,,280
2015-7-31,112,UNHEALTHY FOR SENSITIVE GROUPS,115,UNHEALTHY FOR SENSITIVE GROUPS,Ozone,11,4,29,115,47,70,76,65,71,2,9,29.98,0,,268
2015-8-1,115,UNHEALTHY FOR SENSITIVE GROUPS,133,UNHEALTHY FOR SENSITIVE GROUPS,Ozone,6,1,22,133,44,75,75,63,74,2,9,29.93,0,,273
2015-8-2,133,UNHEALTHY FOR SENSITIVE GROUPS,133,UNHEALTHY FOR SENSITIVE GROUPS,Ozone,9,1,20,133,36,72,75,63,71,1,10,29.87,0,,260
2015-8-3,133,UNHEALTHY FOR SENSITIVE GROUPS,126,UNHEALTHY FOR SENSITIVE GROUPS,Ozone,10,3,33,126,43,71,76,63,71,1,10,29.87,0,,113
2015-8-4,126,UNHEALTHY FOR SENSITIVE GROUPS,126,UNHEALTHY FOR SENSITIVE GROUPS,Ozone,10,3,40,126,60,62,78,61,61,2,10,29.89,0,,141
2015-8-5,126,UNHEALTHY FOR SENSITIVE GROUPS,105,UNHEALTHY FOR SENSITIVE GROUPS,Ozone,10,4,45,105,34,59,78,60,58,1,10,29.88,0,,235
2015-8-6,105,UNHEALTHY FOR SENSITIVE GROUPS,77,MODERATE,Ozone,10,3,36,77,43,66,77,62,69,1,10,29.85,0,,-1
2015-8-7,77,MODERATE,87,MODERATE,Ozone,6,1,24,87,40,65,74,61,71,1,9,29.89,0,,170
2015-8-8,87,MODERATE,126,UNHEALTHY FOR SENSITIVE GROUPS,Ozone,10,1,27,126,38,62,73,58,63,2,10,29.93,0,,260
2015-8-9,126,UNHEALTHY FOR SENSITIVE GROUPS,122,UNHEALTHY FOR SENSITIVE GROUPS,Ozone,10,1,23,122,31,62,71,59,70,2,10,29.95,0,,265
2015-8-10,122,UNHEALTHY FOR SENSITIVE GROUPS,108,UNHEALTHY FOR SENSITIVE GROUPS,Ozone,10,1,38,108,42,59,71,59,72,2,10,29.93,0,,275
2015-8-11,108,UNHEALTHY FOR SENSITIVE GROUPS,115,UNHEALTHY FOR SENSITIVE GROUPS,Ozone,10,1,38,115,38,66,72,60,71,1,9,29.91,0,,-1
2015-8-12,115,UNHEALTHY FOR SENSITIVE GROUPS,119,UNHEALTHY FOR SENSITIVE GROUPS,Ozone,11,7,48,119,53,57,74,60,64,1,10,29.94,0,,-1
2015-8-13,119,UNHEALTHY FOR SENSITIVE GROUPS,126,UNHEALTHY FOR SENSITIVE GROUPS,Ozone,13,6,52,126,39,62,80,60,56,1,10,29.9,0,,-1
2015-8-14,126,UNHEALTHY FOR SENSITIVE GROUPS,105,UNHEALTHY FOR SENSITIVE GROUPS,Ozone,13,7,46,105,33,64,80,59,52,2,10,29.89,0,,262
2015-8-15,105,UNHEALTHY FOR SENSITIVE GROUPS,143,UNHEALTHY FOR SENSITIVE GROUPS,Ozone,13,6,43,143,31,64,84,60,49,1,10,29.86,0,,280
2015-8-16,143,UNHEALTHY FOR SENSITIVE GROUPS,177,UNHEALTHY,Ozone,13,14,39,177,38,79,82,60,55,1,10,29.83,0,,272
2015-8-17,177,UNHEALTHY,129,UNHEALTHY FOR SENSITIVE GROUPS,Ozone,13,0,30,129,47,83,79,64,67,2,8,29.88,0,,146
2015-8-18,129,UNHEALTHY FOR SENSITIVE GROUPS,156,UNHEALTHY,Ozone,11,1,31,156,45,77,77,63,63,2,10,29.91,0,,272
2015-8-19,156,UNHEALTHY,150,UNHEALTHY FOR SENSITIVE GROUPS,Ozone,11,0,37,150,47,83,75,62,66,2,9,29.88,0,,268
2015-8-20,150,UNHEALTHY FOR SENSITIVE GROUPS,164,UNHEALTHY,Ozone,13,1,28,164,51,83,74,61,66,2,9,29.86,0,,109
2015-8-21,164,UNHEALTHY,169,UNHEALTHY,Ozone,13,1,24,169,52,87,74,61,68,1,9,29.86,0,,280
2015-8-22,169,UNHEALTHY,161,UNHEALTHY,Ozone,13,1,25,161,52,89,76,62,66,2,8,29.89,0,,270
2015-8-23,161,UNHEALTHY,151,UNHEALTHY,Ozone,13,1,21,151,43,76,75,63,71,2,9,29.93,0,,260
2015-8-24,151,UNHEALTHY,151,UNHEALTHY,Ozone,14,4,37,151,44,78,77,63,69,1,9,29.93,0,,260
2015-8-25,151,UNHEALTHY,84,MODERATE,Ozone,15,3,46,84,47,81,79,64,62,1,9,29.91,T,Rain,283
2015-8-26,84,MODERATE,143,UNHEALTHY FOR SENSITIVE GROUPS,Ozone,14,7,44,143,45,88,83,65,60,2,9,29.92,0,,277
2015-8-27,143,UNHEALTHY FOR SENSITIVE GROUPS,151,UNHEALTHY,Ozone,15,11,61,151,42,73,82,63,59,1,10,29.92,0,,280
2015-8-28,151,UNHEALTHY,143,UNHEALTHY FOR SENSITIVE GROUPS,Ozone,15,9,54,143,56,70,85,62,53,1,10,29.85,0,,260
2015-8-29,143,UNHEALTHY FOR SENSITIVE GROUPS,129,UNHEALTHY FOR SENSITIVE GROUPS,Ozone,15,7,38,129,35,64,84,64,58,2,10,29.85,0,,241
2015-8-30,129,UNHEALTHY FOR SENSITIVE GROUPS,80,MODERATE,Ozone,13,1,18,80,32,55,81,64,63,2,10,29.85,0,,270
2015-8-31,80,MODERATE,93,MODERATE,Ozone,13,3,33,93,43,66,77,63,66,2,10,29.86,0,,131
2015-9-1,93,MODERATE,126,UNHEALTHY FOR SENSITIVE GROUPS,Ozone,13,1,27,126,44,61,76,60,58,2,10,29.9,0,,246
2015-9-2,126,UNHEALTHY FOR SENSITIVE GROUPS,150,UNHEALTHY FOR SENSITIVE GROUPS,Ozone,13,7,28,150,41,62,74,60,68,2,10,29.93,0,,237
2015-9-3,150,UNHEALTHY FOR SENSITIVE GROUPS,97,MODERATE,Ozone,13,3,28,97,32,61,73,57,62,2,10,29.88,0,,225
2015-9-4,97,MODERATE,122,UNHEALTHY FOR SENSITIVE GROUPS,Ozone,8,1,28,122,30,60,73,56,58,2,10,29.85,0,,148
2015-9-5,122,UNHEALTHY FOR SENSITIVE GROUPS,122,UNHEALTHY FOR SENSITIVE GROUPS,Ozone,8,1,25,122,32,63,75,59,61,2,10,29.88,0,,261
2015-9-6,122,UNHEALTHY FOR SENSITIVE GROUPS,105,UNHEALTHY FOR SENSITIVE GROUPS,Ozone,11,4,36,105,31,65,77,59,59,1,10,29.88,0,,280
2015-9-7,105,UNHEALTHY FOR SENSITIVE GROUPS,67,MODERATE,Ozone,9,4,42,67,24,57,81,58,55,1,10,29.85,0,,-1
2015-9-8,67,MODERATE,58,MODERATE,PM2.5,10,6,52,58,27,58,85,60,49,1,10,29.8,0,,277
2015-9-9,58,MODERATE,77,MODERATE,Ozone,15,6,61,77,60,63,89,60,44,1,10,29.79,0,,301
2015-9-10,77,MODERATE,154,UNHEALTHY,Ozone,9,4,41,154,41,71,87,62,48,2,10,29.83,0,,273
2015-9-11,154,UNHEALTHY,133,UNHEALTHY FOR SENSITIVE GROUPS,Ozone,10,11,60,133,36,66,86,59,47,1,10,29.87,0,,280
2015-9-12,133,UNHEALTHY FOR SENSITIVE GROUPS,64,MODERATE,Ozone,10,4,40,64,33,63,83,60,55,2,10,29.88,T,Rain,287
2015-9-13,64,MODERATE,67,MODERATE,Ozone,9,6,26,67,26,60,82,63,58,2,10,29.81,0,,296
2015-9-14,67,MODERATE,63,MODERATE,PM2.5,8,3,31,39,24,63,78,65,69,2,10,29.81,0,,257
2015-9-15,63,MODERATE,49,GOOD,PM2.5,7,1,20,29,15,49,74,66,81,4,6,29.84,2.39,Rain,100
2015-9-16,49,GOOD,68,MODERATE,PM2.5,8,3,33,50,17,68,72,60,67,1,10,29.94,0,Rain,260
2015-9-17,68,MODERATE,64,MODERATE,Ozone,10,3,36,64,31,55,74,57,63,1,10,29.91,0,,-1
2015-9-18,64,MODERATE,129,UNHEALTHY FOR SENSITIVE GROUPS,Ozone,13,6,42,129,30,60,76,60,62,2,10,29.81,0,,275
2015-9-19,129,UNHEALTHY FOR SENSITIVE GROUPS,179,UNHEALTHY,Ozone,13,4,51,179,32,68,80,61,63,1,10,29.77,0,,270
2015-9-20,179,UNHEALTHY,151,UNHEALTHY,Ozone,10,11,37,151,21,61,84,60,52,2,10,29.77,0,,292
2015-9-21,151,UNHEALTHY,129,UNHEALTHY FOR SENSITIVE GROUPS,Ozone,13,4,42,129,40,67,79,63,63,2,10,29.78,0,,26
2015-9-22,129,UNHEALTHY FOR SENSITIVE GROUPS,147,UNHEALTHY FOR SENSITIVE GROUPS,Ozone,10,3,29,147,40,81,77,65,66,2,9,29.88,0,,251
2015-9-23,147,UNHEALTHY FOR SENSITIVE GROUPS,161,UNHEALTHY,Ozone,11,4,43,161,48,82,77,64,68,1,9,29.88,0,,278
2015-9-24,161,UNHEALTHY,169,UNHEALTHY,Ozone,13,7,50,169,49,79,80,65,66,1,9,29.85,0,,270
2015-9-25,169,UNHEALTHY,136,UNHEALTHY FOR SENSITIVE GROUPS,Ozone,13,3,48,136,45,74,81,65,66,1,9,29.84,0,,280
2015-9-26,136,UNHEALTHY FOR SENSITIVE GROUPS,154,UNHEALTHY,Ozone,13,3,44,154,34,74,81,65,66,1,10,29.8,0,,267
2015-9-27,154,UNHEALTHY,129,UNHEALTHY FOR SENSITIVE GROUPS,Ozone,11,7,31,129,31,70,79,65,67,1,8,29.79,0,,260
2015-9-28,129,UNHEALTHY FOR SENSITIVE GROUPS,126,UNHEALTHY FOR SENSITIVE GROUPS,Ozone,11,3,42,126,34,70,78,63,67,1,9,29.85,0,,270
2015-9-29,126,UNHEALTHY FOR SENSITIVE GROUPS,105,UNHEALTHY FOR SENSITIVE GROUPS,Ozone,10,3,39,105,31,64,76,60,65,1,10,29.87,0,,280
2015-9-30,105,UNHEALTHY FOR SENSITIVE GROUPS,140,UNHEALTHY FOR SENSITIVE GROUPS,Ozone,13,7,53,140,40,66,78,60,62,1,10,29.82,0,,290
2015-10-1,140,UNHEALTHY FOR SENSITIVE GROUPS,71,MODERATE,Ozone,11,7,41,71,40,64,78,61,62,2,10,29.87,0,,260
2015-10-2,71,MODERATE,56,MODERATE,PM2.5,11,6,36,54,30,56,76,60,61,3,10,29.84,0,,301
2015-10-3,56,MODERATE,115,UNHEALTHY FOR SENSITIVE GROUPS,Ozone,10,1,30,115,31,61,75,61,64,2,10,29.62,0,,200
2015-10-4,115,UNHEALTHY FOR SENSITIVE GROUPS,58,MODERATE,Ozone,9,1,24,58,18,47,68,56,64,1,10,29.63,0.05,Rain,185
2015-10-5,58,MODERATE,54,MODERATE,Ozone,10,0,46,54,13,53,69,58,71,1,8,29.89,0.4,Fog-Rain,105
2015-10-6,54,MODERATE,58,MODERATE,Ozone,11,1,44,58,22,57,70,58,72,2,10,30.03,0,,296
2015-10-7,58,MODERATE,71,MODERATE,Ozone,11,6,41,71,29,69,74,60,65,1,10,30.02,0,,273
2015-10-8,71,MODERATE,108,UNHEALTHY FOR SENSITIVE GROUPS,Ozone,16,7,74,108,38,85,77,62,63,0,10,29.95,0,,270
2015-10-9,108,UNHEALTHY FOR SENSITIVE GROUPS,101,UNHEALTHY FOR SENSITIVE GROUPS,Ozone,18,9,94,101,38,68,84,56,50,1,10,29.88,0,,255
2015-10-10,101,UNHEALTHY FOR SENSITIVE GROUPS,93,MODERATE,Ozone,17,1,48,93,20,52,86,52,37,2,10,29.91,0,,324
2015-10-11,93,MODERATE,122,UNHEALTHY FOR SENSITIVE GROUPS,Ozone,15,6,49,122,19,56,87,53,36,2,10,29.88,0,,79
2015-10-12,122,UNHEALTHY FOR SENSITIVE GROUPS,112,UNHEALTHY FOR SENSITIVE GROUPS,Ozone,15,4,71,112,26,61,83,58,51,1,10,29.9,0,,40
2015-10-13,112,UNHEALTHY FOR SENSITIVE GROUPS,122,UNHEALTHY FOR SENSITIVE GROUPS,Ozone,15,4,51,122,25,64,83,64,64,2,10,29.99,0,,152
2015-10-14,122,UNHEALTHY FOR SENSITIVE GROUPS,65,MODERATE,PM2.5,14,4,47,48,30,65,79,68,74,1,10,29.94,0,,273
2015-10-15,65,MODERATE,59,MODERATE,PM2.5,11,3,32,39,29,59,77,66,71,2,10,29.91,0,,270
2015-10-16,59,MODERATE,64,MODERATE,PM2.5,13,1,42,35,32,64,73,65,77,1,10,29.89,0,,277
2015-10-17,64,MODERATE,62,MODERATE,PM2.5,13,1,24,48,31,62,76,65,74,1,10,29.88,0,,275
2015-10-18,62,MODERATE,56,MODERATE,PM2.5,13,1,24,45,24,56,74,64,71,1,9,29.9,T,Rain,273
2015-10-19,56,MODERATE,56,MODERATE,PM2.5,10,1,36,48,22,56,72,59,66,1,10,29.91,0,,260
2015-10-20,56,MODERATE,57,MODERATE,PM2.5,13,4,42,47,24,57,71,56,62,2,10,29.84,0,,100
2015-10-21,57,MODERATE,55,MODERATE,PM2.5,14,6,44,48,28,55,74,58,61,2,10,29.87,0,,73
2015-10-22,55,MODERATE,61,MODERATE,Ozone,14,1,38,61,33,60,73,60,63,1,10,29.93,0,,105
2015-10-23,61,MODERATE,72,MODERATE,PM2.5,15,3,52,50,34,72,71,60,72,1,9,29.94,0,,273
2015-10-24,72,MODERATE,58,MODERATE,Ozone,17,3,46,58,38,55,77,46,45,1,10,29.89,0,,28
2015-10-25,58,MODERATE,61,MODERATE,PM2.5,20,4,44,46,20,61,76,48,51,1,10,29.89,0,,135
2015-10-26,61,MODERATE,105,UNHEALTHY FOR SENSITIVE GROUPS,Ozone,19,6,72,105,31,66,75,52,51,1,10,29.9,0,,270
2015-10-27,105,UNHEALTHY FOR SENSITIVE GROUPS,74,MODERATE,PM2.5,18,9,67,61,52,74,72,54,58,1,10,29.92,0,,305
2015-10-28,74,MODERATE,72,MODERATE,PM2.5,17,1,66,61,34,72,73,60,65,1,9,29.86,0,,190
2015-10-29,72,MODERATE,54,MODERATE,PM2.5,15,4,41,46,30,54,76,41,33,6,10,29.77,0,,323
2015-10-30,54,MODERATE,52,MODERATE,NO2,16,3,52,45,44,39,76,35,29,1,10,29.85,0,,225
2015-10-31,52,MODERATE,54,MODERATE,PM2.5,24,7,49,54,30,54,75,43,48,1,10,29.99,0,,280
2015-11-1,54,MODERATE,108,UNHEALTHY FOR SENSITIVE GROUPS,Ozone,18,13,39,108,27,60,73,52,54,1,10,29.98,0,,270
2015-11-2,108,UNHEALTHY FOR SENSITIVE GROUPS,59,MODERATE,PM2.5,15,3,38,50,31,59,67,56,72,3,10,29.83,T,Rain,178
2015-11-3,59,MODERATE,45,GOOD,PM2.5,14,4,38,44,11,45,62,44,57,2,10,29.83,0,,285
2015-11-4,45,GOOD,52,MODERATE,PM2.5,11,1,37,42,17,52,60,35,44,2,10,29.96,0,,275
2015-11-5,52,MODERATE,49,GOOD,PM2.5,10,3,43,45,19,49,61,30,32,2,10,30.15,0,,344
2015-11-6,49,GOOD,52,MODERATE,PM2.5,20,9,49,43,26,52,64,33,35,1,10,30.1,0,,20
2015-11-7,52,MODERATE,51,MODERATE,PM2.5,25,4,45,44,18,51,65,28,31,2,10,30.03,0,,66
2015-11-8,51,MODERATE,56,MODERATE,PM2.5,20,4,39,51,27,56,65,40,49,2,10,29.97,0,,30
2015-11-9,56,MODERATE,59,MODERATE,PM2.5,17,1,38,47,19,59,62,47,57,3,10,29.97,0,,100
2015-11-10,59,MODERATE,50,GOOD,PM2.5,10,10,42,47,18,50,59,36,50,3,10,30.09,0,,321
2015-11-11,50,GOOD,48,GOOD,NO2,11,3,48,42,24,42,60,29,33,1,10,30.2,0,,299
2015-11-12,48,GOOD,58,MODERATE,NO2,17,4,58,45,31,45,64,15,29,1,10,30.03,0,,329
2015-11-13,58,MODERATE,62,MODERATE,NO2,23,7,62,42,37,58,66,23,28,1,10,29.96,0,,280
2015-11-14,62,MODERATE,72,MODERATE,PM2.5,31,3,50,44,39,72,65,29,42,1,9,29.92,0,,354
2015-11-15,72,MODERATE,63,MODERATE,PM2.5,27,3,42,54,23,63,60,39,51,4,10,29.89,0,,284
2015-11-16,63,MODERATE,46,GOOD,NO2,9,3,46,40,31,30,57,17,27,6,10,30,0,,317
2015-11-17,46,GOOD,55,MODERATE,PM2.5,18,6,50,39,35,55,59,25,30,0,10,30.12,0,,270
2015-11-18,55,MODERATE,67,MODERATE,NO2,23,16,67,40,39,60,62,40,45,0,10,30,0,,270
2015-11-19,67,MODERATE,72,MODERATE,NO2,24,19,72,39,40,66,69,37,42,1,10,29.95,0,,344
2015-11-20,72,MODERATE,73,MODERATE,NO2,28,3,73,38,45,66,70,37,35,0,10,29.91,0,,130
2015-11-21,73,MODERATE,64,MODERATE,NO2,33,3,64,41,16,58,72,35,35,1,10,29.94,0,,37
2015-11-22,64,MODERATE,49,GOOD,NO2,26,6,49,44,15,40,72,23,17,2,10,29.92,0,,9
2015-11-23,49,GOOD,61,MODERATE,NO2,20,9,61,50,22,53,68,35,44,2,10,29.91,0,,42
2015-11-24,61,MODERATE,60,MODERATE,PM2.5,23,3,47,49,23,60,61,35,45,1,10,29.92,0.01,Rain,270
2015-11-25,60,MODERATE,52,MODERATE,PM2.5,10,0,43,43,14,52,57,36,46,2,10,29.89,T,,270
2015-11-26,52,MODERATE,65,MODERATE,PM2.5,14,1,41,41,20,65,56,40,57,2,10,29.97,0,,90
2015-11-27,65,MODERATE,60,MODERATE,PM2.5,15,3,39,39,10,60,57,38,48,3,10,30,0,,87
2015-11-28,60,MODERATE,57,MODERATE,PM2.5,14,1,39,40,13,57,55,29,46,1,10,30.05,0,,23
2015-11-29,57,MODERATE,50,GOOD,PM2.5,13,1,45,41,18,50,59,26,33,1,10,30.11,0,,355
2015-11-30,50,GOOD,62,MODERATE,NO2,17,3,62,39,28,54,56,25,34,2,10,30.12,0,,21
2015-12-1,62,MODERATE,72,MODERATE,NO2,22,52,72,39,40,68,60,28,37,2,10,30.1,0,,29
2015-12-2,72,MODERATE,63,MODERATE,NO2,22,11,63,36,44,56,64,23,31,2,10,30.1,0,,33
2015-12-3,63,MODERATE,61,MODERATE,NO2,19,9,61,32,31,55,66,31,43,2,10,30.05,0,,18
2015-12-4,61,MODERATE,62,MODERATE,PM2.5,18,3,56,40,35,62,59,46,64,0,10,30.08,0,,5
2015-12-5,62,MODERATE,65,MODERATE,PM2.5,22,1,50,38,36,65,63,32,38,2,10,30.19,0,,16
2015-12-6,65,MODERATE,61,MODERATE,PM2.5,20,1,50,37,23,61,67,30,41,2,10,30.18,0,,360
2015-12-7,61,MODERATE,67,MODERATE,PM2.5,32,7,66,39,47,67,68,31,38,1,10,30.09,0,,24
2015-12-8,67,MODERATE,71,MODERATE,PM2.5,28,7,67,39,54,71,69,39,38,0,9,30.02,0,,285
2015-12-9,71,MODERATE,88,MODERATE,PM2.5,34,4,83,32,47,88,65,49,60,0,8,30,0,,215
2015-12-10,88,MODERATE,76,MODERATE,PM2.5,26,1,61,41,41,76,60,55,84,2,6,29.96,T,Fog,270
2015-12-11,76,MODERATE,47,GOOD,NO2,11,3,47,41,20,40,59,41,58,3,9,29.82,0.05,Rain,317
2015-12-12,47,GOOD,43,GOOD,PM2.5,14,3,37,39,21,43,60,31,33,4,10,29.97,0,,323
2015-12-13,43,GOOD,51,MODERATE,PM2.5,16,1,32,39,17,51,57,45,63,2,7,29.99,0.16,Rain,15
2015-12-14,51,MODERATE,38,GOOD,Ozone,10,3,36,38,16,37,53,28,41,7,10,29.96,0,,314
2015-12-15,38,GOOD,53,MODERATE,NO2,16,1,53,37,19,45,52,27,38,2,10,30.03,0,,37
2015-12-16,53,MODERATE,58,MODERATE,PM2.5,25,3,52,32,18,58,51,28,42,1,10,30.16,0,,46
2015-12-17,58,MODERATE,67,MODERATE,PM2.5,19,4,54,29,31,67,54,38,51,1,10,30.13,0,,334
2015-12-18,67,MODERATE,67,MODERATE,PM2.5,23,4,57,31,34,67,60,34,45,2,10,30.03,0,,353
2015-12-19,67,MODERATE,81,MODERATE,PM2.5,32,17,43,37,23,81,55,45,69,2,7,29.96,0.26,Rain,270
2015-12-20,81,MODERATE,73,MODERATE,PM2.5,15,4,34,36,17,73,53,43,72,1,10,30.14,0,,345
2015-12-21,73,MODERATE,76,MODERATE,PM2.5,20,4,44,34,20,76,53,46,69,2,8,30.11,0.03,Rain,117
2015-12-22,76,MODERATE,67,MODERATE,PM2.5,16,3,38,37,18,67,58,54,92,3,6,29.85,0.07,Rain,82
2015-12-23,67,MODERATE,54,MODERATE,PM2.5,20,3,42,39,21,54,60,47,68,2,8,29.77,0,,322
2015-12-24,54,MODERATE,62,MODERATE,PM2.5,18,3,42,38,25,62,55,38,56,1,10,29.95,0,,288
2015-12-25,62,MODERATE,52,MODERATE,PM2.5,13,3,29,39,9,52,52,27,51,4,10,30.08,0,,324
2015-12-26,52,MODERATE,57,MODERATE,PM2.5,22,4,45,38,43,57,52,18,31,1,10,30.23,0,,333
2015-12-27,57,MODERATE,74,MODERATE,PM2.5,26,1,37,37,19,74,49,23,38,1,10,30.17,0,,130
2015-12-28,74,MODERATE,67,MODERATE,PM2.5,30,1,46,33,24,67,48,30,49,2,10,29.92,T,,355
2015-12-29,67,MODERATE,63,MODERATE,PM2.5,22,4,58,34,26,63,51,31,50,1,10,30.01,0,,70
2015-12-30,63,MODERATE,83,MODERATE,PM2.5,27,6,57,34,24,83,52,34,55,1,10,30.15,0,,35
2015-12-31,83,MODERATE,84,MODERATE,PM2.5,23,3,51,39,20,84,53,26,44,1,10,30.1,0,,23